"","Treatment"
"206","High Fat Diet"
"207","High Fat Diet"
"208","High Fat Diet"
"209","High Fat Diet"
"210","High Fat Diet"
"211","High Fat Diet"
"212","High Fat Diet"
"215","High Fat Diet"
"216","High Fat Diet"
"217","High Fat Diet"
"218","High Fat Diet"
"219","High Fat Diet"
"220","High Fat Diet"
"221","High Fat Diet"
"222","High Fat Diet"
"223","High Fat Diet"
"224","High Fat Diet"
"226","High Fat Diet"
"227","High Fat Diet"
"228","High Fat Diet"
"229","High Fat Diet"
"230","High Fat Diet"
"232","High Fat Diet"
"233","High Fat Diet"
"183","Control Diet"
"184","Control Diet"
"185","Control Diet"
"186","Control Diet"
"187","Control Diet"
"188","Control Diet"
"189","Control Diet"
"190","Control Diet"
"191","Control Diet"
"1191","Control Diet"
"192","Control Diet"
"193","Control Diet"
"194","Control Diet"
"196","Control Diet"
"200","Control Diet"
"201","Control Diet"
"202","Control Diet"
"203","Control Diet"
"204","Control Diet"
"205","Control Diet"
